{
    "Version": "2012-10-17",
    "Statement": [
      {
        "Effect": "Allow",
        "Action": [
          "logs:CreateLogGroup",
          "logs:CreateLogStream",
          "logs:DescribeLogGroups",
          "logs:DescribeLogStreams",
          "logs:PutLogEvents",
          "logs:GetLogEvents",
          "logs:FilterLogEvents"
        ],
        "Resource": "*"
      },
      {
        "Effect": "Allow",
        "Action": [
          "sqs:GetQueueUrl",
          "sqs:ChangeMessageVisibility",
          "sqs:ListDeadLetterSourceQueues",
          "sqs:SendMessageBatch",
          "sqs:PurgeQueue",
          "sqs:ReceiveMessage",
          "sqs:SendMessage",
          "sqs:GetQueueAttributes",
          "sqs:CreateQueue",
          "sqs:ListQueueTags",
          "sqs:ChangeMessageVisibilityBatch",
          "sqs:SetQueueAttributes"
        ],
        "Resource": "${sqs_arn}"
      },
      {
        "Effect": "Allow",
        "Action": "sqs:ListQueues",
        "Resource": "*"
      }      
    ]
}