{
  "data": {
    "destination": {
      "name": "accountName"
    },
    "orderData": {
      "sourceOrderId": "1234512345",
      "items": [
        {
          "sku": "Business Cards",
          "sourceItemId": "1234512346",
          "components": [
            {
              "code": "Content",
              "fetch": true,
              "path": "http://www.w2psite.com/businessCard.pdf"
            }
          ]
        }
      ],
      "shipments": [
        {
          "shipTo": {
            "name": "John Doe",
            "companyName": "Acme",
            "address1": "1234 Main St.",
            "town": "Capitol",
            "postcode": "12345",
            "isoCountry": "US"
          },
          "carrier":{
            "code": "fedex",
            "service": "ground"
          }
        }
      ]
    }
  }
}
